City_ID,City,Lat,Lng,Max Temp,Humidity,Cloudiness,Wind Speed,Country,Date
0,severo-kurilsk,50.6789,156.125,-3.22,78,98,3.33,RU,1675639538
1,cidreira,-30.1811,-50.2056,23.78,76,64,4.39,BR,1675639538
2,bongandanga,1.5,21.05,24.12,33,52,0.76,CD,1675639539
3,ushuaia,-54.8,-68.3,7.79,71,56,3.67,AR,1675638729
4,dikson,73.5069,80.5464,-19.1,97,100,0.74,RU,1675639539
5,chuy,-33.6971,-53.4616,19.88,77,0,3.48,UY,1675639540
6,rantauprapat,2.1,99.8333,22.32,98,100,0.33,ID,1675639540
7,uyovu,-3.2833,31.5258,16.42,95,88,1.74,TZ,1675639541
8,bluff,-46.6,168.3333,14.73,85,55,11.08,NZ,1675639541
9,bredasdorp,-34.5322,20.0403,20.9,85,100,4.07,ZA,1675639542
10,cherskiy,68.75,161.3,-41.29,100,100,2.06,RU,1675639542
11,guerrero negro,27.9769,-114.0611,17.47,67,9,8.37,MX,1675638996
12,hermanus,-34.4187,19.2345,21.0,87,89,5.01,ZA,1675639543
13,butaritari,3.0707,172.7902,26.7,84,100,8.03,KI,1675639543
14,busselton,-33.65,115.3333,20.07,75,26,4.64,AU,1675639183
15,hobart,-42.8794,147.3294,19.92,52,40,7.72,AU,1675639427
16,atuona,-9.8,-139.0333,25.86,78,44,8.52,PF,1675639544
17,disraeli,45.9001,-71.3491,-2.2,95,100,2.99,CA,1675639544
18,port alfred,-33.5906,26.891,22.32,95,51,4.52,ZA,1675639545
19,yellowknife,62.456,-114.3525,-20.25,77,100,6.17,CA,1675639301
20,pavelets,53.7883,39.246,-5.77,97,99,3.08,RU,1675639545
21,sterling,39.0062,-77.4286,12.55,43,100,4.12,US,1675639546
22,hasaki,35.7333,140.8333,7.34,77,1,3.64,JP,1675639546
23,karlshamn,56.1706,14.8619,-1.73,96,94,1.38,SE,1675639547
24,flin flon,54.7682,-101.865,-6.09,86,100,4.63,CA,1675639547
25,qaanaaq,77.484,-69.3632,-18.35,55,5,2.97,GL,1675639547
26,cape town,-33.9258,18.4232,22.99,75,0,7.15,ZA,1675639548
27,barrow,71.2906,-156.7887,-27.99,83,100,0.0,US,1675639548
28,namtsy,62.7161,129.6658,-34.03,98,100,1.51,RU,1675639549
29,nikolskoye,59.7035,30.7861,-4.0,93,100,3.56,RU,1675639549
30,garowe,8.4054,48.4845,19.18,74,71,3.52,SO,1675639550
31,torbay,47.6666,-52.7314,-3.57,75,75,9.26,CA,1675639550
32,yeniseysk,58.4497,92.1703,-22.92,100,100,1.02,RU,1675639550
33,kavieng,-2.5744,150.7967,28.07,74,94,2.51,PG,1675639551
34,albany,42.6001,-73.9662,5.03,55,95,2.22,US,1675639303
35,burlington,39.8835,-74.6413,8.04,38,0,3.09,US,1675639325
36,punta arenas,-53.15,-70.9167,11.06,62,0,7.2,CL,1675639552
37,lima,-12.0432,-77.0282,27.17,69,0,6.17,PE,1675639452
38,upernavik,72.7868,-56.1549,-25.05,95,100,2.75,GL,1675639553
39,vaitape,-16.5167,-151.75,27.51,74,16,6.82,PF,1675639553
40,powell river,49.8496,-124.5361,12.0,87,40,4.63,CA,1675639553
41,jamestown,42.097,-79.2353,5.8,60,100,6.17,US,1675639463
42,boueni,-12.9025,45.0761,26.99,73,100,2.64,YT,1675639554
43,ambanja,-13.6833,48.45,23.83,92,95,0.84,MG,1675639554
44,rapar,23.5667,70.6333,19.12,75,1,3.95,IN,1675639555
45,avarua,-21.2078,-159.775,28.03,83,75,5.66,CK,1675639555
46,erdenet,49.0333,104.0833,-21.24,100,70,1.35,MN,1675639556
47,xining,36.6167,101.7667,-5.35,61,1,0.83,CN,1675639556
48,edson,53.5835,-116.4356,8.08,36,0,3.6,CA,1675639556
49,rikitea,-23.1203,-134.9692,26.17,74,3,6.78,PF,1675639557
50,khilok,51.3674,110.4676,-23.33,98,55,1.52,RU,1675639557
51,puerto ayora,-0.7393,-90.3518,26.97,91,35,3.58,EC,1675639558
52,mataura,-46.1927,168.8643,16.01,75,90,5.66,NZ,1675639558
53,richards bay,-28.783,32.0377,23.51,85,53,1.59,ZA,1675639558
54,bambous virieux,-20.3428,57.7575,26.14,89,75,2.57,MU,1675639559
55,ketchikan,55.3422,-131.6461,2.99,93,100,3.6,US,1675639559
56,lasa,46.6166,10.7002,1.49,92,56,2.65,IT,1675639560
57,yumen,40.2833,97.2,-3.03,38,73,3.02,CN,1675639560
58,vaini,-21.2,-175.2,28.09,74,75,1.03,TO,1675639561
59,alice springs,-23.7,133.8833,21.75,37,0,0.0,AU,1675639561
60,shu,43.5983,73.7614,-1.41,97,99,1.43,KZ,1675639561
61,novyy svit,47.8059,38.0211,-2.04,84,100,4.96,UA,1675639563
62,hamilton,39.1834,-84.5333,10.41,62,0,5.66,US,1675639496
63,ribeira grande,38.5167,-28.7,16.54,90,100,4.47,PT,1675639564
64,mahebourg,-20.4081,57.7,26.16,89,75,2.57,MU,1675639565
65,narsaq,60.9167,-46.05,-7.88,73,100,7.55,GL,1675639566
66,talnakh,69.4865,88.3972,-16.23,97,98,1.34,RU,1675639567
67,cabo san lucas,22.8909,-109.9124,27.56,31,0,4.63,MX,1675639567
68,souillac,-20.5167,57.5167,26.21,89,75,2.57,MU,1675639569
69,araouane,18.9048,-3.5265,18.33,18,36,4.05,ML,1675639570
70,hilo,19.7297,-155.09,27.93,78,100,3.6,US,1675639570
71,ravar,31.2656,56.8055,8.18,34,7,0.25,IR,1675639571
72,castro,-24.7911,-50.0119,18.62,78,56,2.45,BR,1675639571
73,erenhot,43.6475,111.9767,-9.81,54,8,1.63,CN,1675639572
74,carnarvon,-24.8667,113.6333,24.84,73,2,6.8,AU,1675639573
75,mar del plata,-38.0023,-57.5575,28.01,47,0,4.63,AR,1675639574
76,hami,42.8,93.45,-1.75,41,0,1.63,CN,1675639574
77,port elizabeth,-33.918,25.5701,24.5,93,75,6.17,ZA,1675639576
78,coquimbo,-29.9533,-71.3436,20.85,73,0,5.14,CL,1675639416
79,kapaa,22.0752,-159.319,27.18,79,40,6.69,US,1675639577
80,panaba,21.2833,-88.2667,23.9,76,55,5.49,MX,1675639578
81,port lincoln,-34.7333,135.8667,18.36,70,8,6.2,AU,1675639578
82,nideggen,50.7,6.4833,3.31,88,75,3.6,DE,1675639579
83,knysna,-34.0363,23.0471,22.26,91,93,1.4,ZA,1675639580
84,rorvik,64.8621,11.2373,3.06,87,100,3.6,NO,1675639581
85,nuuk,64.1835,-51.7216,-11.18,85,100,2.68,GL,1675639581
86,te anau,-45.4167,167.7167,13.95,90,100,3.02,NZ,1675639582
87,geraldton,-28.7667,114.6,23.23,73,100,5.14,AU,1675639583
88,port hedland,-20.3167,118.5667,29.03,65,0,0.0,AU,1675639583
89,amahai,-3.3333,128.9167,25.97,80,100,2.16,ID,1675639584
90,san carlos de bariloche,-41.1456,-71.3082,24.69,35,20,8.23,AR,1675639585
91,luganville,-15.5333,167.1667,28.83,78,100,6.09,VU,1675639587
92,dalmau,26.0667,81.0333,13.05,55,0,1.62,IN,1675639588
93,beisfjord,68.3751,17.5988,2.03,92,99,2.62,NO,1675639588
94,hailin,44.5833,129.4167,-21.01,99,61,0.88,CN,1675639589
95,balabac,7.9868,117.0645,26.56,80,55,6.33,PH,1675639449
96,aguimes,27.9054,-15.4461,15.35,61,20,4.12,ES,1675639590
97,chernyshevskiy,63.0128,112.4714,-47.68,100,68,0.47,RU,1675639590
98,nouakchott,18.0858,-15.9785,19.96,42,85,4.5,MR,1675639265
99,san patricio,28.017,-97.5169,25.86,64,0,5.14,US,1675639591
100,axim,4.8699,-2.2405,26.86,87,100,4.18,GH,1675639592
101,beringovskiy,63.05,179.3167,-28.13,93,98,5.37,RU,1675639592
102,risor,58.7206,9.2342,0.84,70,83,1.88,NO,1675639593
103,kampot,10.6167,104.1833,24.03,82,17,1.38,KH,1675639593
104,arraial do cabo,-22.9661,-42.0278,25.18,89,46,2.37,BR,1675639593
105,beyneu,45.3167,55.2,-0.47,79,88,2.32,KZ,1675639594
106,cap malheureux,-19.9842,57.6142,25.82,80,74,2.68,MU,1675639594
107,curitibanos,-27.2828,-50.5844,16.34,60,98,0.75,BR,1675639595
108,pisco,-13.7,-76.2167,25.03,78,0,7.72,PE,1675639595
109,sorland,67.667,12.6934,4.92,71,100,11.39,NO,1675639595
110,shwebo,22.5667,95.7,16.91,44,51,1.5,MM,1675639596
111,sakakah,29.9697,40.2064,10.76,35,99,3.41,SA,1675639596
112,brodokalmak,55.5748,62.082,-12.5,100,98,1.94,RU,1675639597
113,hereford,52.0568,-2.7148,2.22,88,86,1.28,GB,1675639597
114,hastings,50.8552,0.5729,4.95,55,60,4.66,GB,1675639598
115,tura,25.5198,90.2201,13.41,52,2,1.16,IN,1675639598
116,kargasok,59.0556,80.8572,-19.99,100,99,1.33,RU,1675639598
117,rio grande city,26.3798,-98.8203,26.17,35,0,3.98,US,1675639599
118,nanortalik,60.1432,-45.2371,-6.21,65,100,15.29,GL,1675639599
119,lebu,-37.6167,-73.65,16.96,87,1,8.66,CL,1675639600
120,jiayuguan,39.8167,98.3,-4.32,43,42,1.6,CN,1675639600
121,batemans bay,-35.7167,150.1833,22.28,58,49,1.53,AU,1675639601
122,fairbanks,64.8378,-147.7164,-11.06,79,0,2.06,US,1675639500
123,saint george,37.1041,-113.5841,11.33,62,100,8.75,US,1675639574
124,hambantota,6.1241,81.1185,24.52,81,99,5.11,LK,1675639601
125,chulym,55.0997,80.9572,-18.5,99,100,3.29,RU,1675639602
126,marawi,7.9986,124.2928,20.41,86,85,0.87,PH,1675639602
127,abhar,36.1468,49.218,-3.25,81,100,1.55,IR,1675639603
128,humberto de campos,-2.5983,-43.4611,24.05,93,75,2.09,BR,1675639603
129,mocuba,-16.8392,36.9856,22.68,97,32,0.42,MZ,1675639603
130,saskylakh,71.9167,114.0833,-41.6,100,94,1.84,RU,1675639604
131,srednekolymsk,67.45,153.6833,-35.58,98,100,2.34,RU,1675639604
132,pundaguitan,6.3711,126.1689,26.78,76,69,3.86,PH,1675639605
133,timmendorfer strand,54.0,10.7833,1.8,93,92,3.31,DE,1675639605
134,chapais,49.7834,-74.8492,-19.12,96,100,1.52,CA,1675639606
135,bougouni,11.417,-7.479,26.61,16,74,2.35,ML,1675639606
136,mach,29.8637,67.3298,11.95,54,1,4.97,PK,1675639606
137,ovalle,-30.5983,-71.2003,26.23,43,0,2.92,CL,1675639607
138,bengkulu,-3.8004,102.2655,23.18,87,95,3.45,ID,1675639404
139,escanaba,45.7453,-87.0646,-3.83,75,100,4.12,US,1675639607
140,east london,-33.0153,27.9116,23.72,84,39,5.4,ZA,1675639608
141,saldanha,-33.0117,17.9442,18.03,93,17,7.05,ZA,1675639608
142,normandin,48.8333,-72.5321,-12.83,78,100,2.06,CA,1675639609
143,yiyang,28.5892,112.3283,6.4,86,80,0.68,CN,1675639609
144,kaeo,-35.1,173.7833,21.85,91,85,3.2,NZ,1675639609
145,marrakesh,31.6315,-8.0083,11.04,46,20,4.12,MA,1675639610
146,barsovo,61.1667,73.1667,-18.88,99,100,1.0,RU,1675639610
147,berlevag,70.8578,29.0864,3.0,93,100,5.14,NO,1675639611
148,san cristobal,7.7669,-72.225,24.1,77,33,1.42,VE,1675639611
149,luderitz,-26.6481,15.1594,16.92,90,59,5.32,NA,1675639612
150,kiruna,67.8557,20.2251,-2.49,64,34,2.57,SE,1675639612
151,ancud,-41.8697,-73.8203,16.56,73,26,3.14,CL,1675639613
152,reconquista,-29.15,-59.65,27.41,22,48,1.36,AR,1675639613
153,kaitangata,-46.2817,169.8464,18.86,61,68,7.75,NZ,1675639614
154,new norfolk,-42.7826,147.0587,19.72,59,99,1.34,AU,1675639614
155,iwata,34.7,137.85,4.8,63,33,0.89,JP,1675639614
156,faanui,-16.4833,-151.75,27.5,74,16,6.83,PF,1675639615
157,tasiilaq,65.6145,-37.6368,-4.91,96,100,2.03,GL,1675639615
158,cabedelo,-6.9811,-34.8339,27.37,77,12,4.83,BR,1675639616
159,clarksdale,34.2001,-90.5709,15.99,72,20,2.06,US,1675639524
160,tiksi,71.6872,128.8694,-32.35,100,100,1.63,RU,1675639616
161,saint-francois,46.4154,3.9054,4.82,81,100,3.6,FR,1675639617
162,airai,-8.9266,125.4092,17.18,87,98,0.91,TL,1675639617
163,toccoa,34.5773,-83.3324,12.8,54,0,4.12,US,1675639618
164,madang,-5.2246,145.7966,25.0,89,100,2.39,PG,1675639618
165,klaksvik,62.2266,-6.589,9.51,93,100,15.44,FO,1675639618
166,the valley,18.217,-63.0578,25.92,73,20,6.69,AI,1675639619
167,cartagena del chaira,1.3349,-74.8429,28.77,49,96,2.1,CO,1675639619
168,yar-sale,66.8333,70.8333,-27.41,100,65,0.45,RU,1675639620
169,khuzhir,53.1939,107.3397,-14.71,90,84,3.43,RU,1675639620
170,svetlogorsk,52.6333,29.7333,-4.82,92,100,3.47,BY,1675639620
171,karaton,-6.3424,106.1045,24.14,86,99,2.46,ID,1675639621
172,sharkan,57.2989,53.8712,-10.97,96,100,2.38,RU,1675639621
173,inuvik,68.3499,-133.7218,-34.52,75,20,0.0,CA,1675639622
174,maraa,-1.8333,-65.3667,23.09,97,95,1.52,BR,1675639625
175,bilma,18.6853,12.9164,18.87,11,4,7.42,NE,1675639626
176,praxedis guerrero,31.3667,-106.0167,23.7,11,1,4.83,MX,1675639627
177,boende,-0.2167,20.8667,25.36,53,79,1.2,CD,1675639628
178,avera,33.194,-82.5271,13.73,77,46,1.95,US,1675639629
179,huarmey,-10.0681,-78.1522,23.51,76,45,2.97,PE,1675639630
180,porto novo,6.4965,2.6036,26.93,85,100,3.98,BJ,1675639630
181,pacifica,37.6138,-122.4869,12.6,78,75,7.6,US,1675639631
182,hovd,48.0056,91.6419,-16.32,77,2,1.37,MN,1675639632
183,baykalsk,51.5058,104.1469,-14.63,84,64,3.2,RU,1675639633
184,rudsar,37.1376,50.288,10.4,63,85,1.01,IR,1675639633
185,key west,24.5557,-81.7826,25.56,86,0,3.6,US,1675639436
186,port macquarie,-31.4333,152.9167,28.27,62,83,2.64,AU,1675639634
187,matara,5.9485,80.5353,24.12,92,99,1.2,LK,1675639635
188,banda aceh,5.5577,95.3222,25.18,81,89,1.65,ID,1675639636
189,namanga,-2.5433,36.7905,18.46,60,13,1.52,KE,1675639637
190,chokurdakh,70.6333,147.9167,-41.14,100,66,0.51,RU,1675639638
191,longyearbyen,78.2186,15.6401,-2.09,74,75,8.75,SJ,1675639579
192,pevek,69.7008,170.3133,-36.36,97,86,1.63,RU,1675639639
193,tuatapere,-46.1333,167.6833,14.39,90,91,5.0,NZ,1675639639
194,thompson,55.7435,-97.8558,-13.91,85,100,1.54,CA,1675639640
195,vidim,56.4088,103.1106,-13.0,97,100,2.32,RU,1675639641
196,honiara,-9.4333,159.95,25.02,94,100,3.58,SB,1675639641
197,ponta do sol,32.6667,-17.1,16.35,52,34,2.13,PT,1675639642
198,staryy nadym,65.6118,72.6842,-24.33,100,100,2.29,RU,1675639643
199,segou,13.4317,-6.2157,26.03,14,75,4.12,ML,1675639643
200,yulara,-25.2406,130.9889,24.0,17,0,4.81,AU,1675639645
201,mount gambier,-37.8333,140.7667,16.89,63,36,2.27,AU,1675639645
202,cortez,37.3489,-108.5859,9.42,32,0,1.54,US,1675639339
203,novyy urengoy,66.0833,76.6333,-24.73,100,64,1.93,RU,1675639346
204,coos bay,43.3665,-124.2179,9.52,87,100,6.69,US,1675639646
205,samarai,-10.6167,150.6667,27.25,83,100,5.38,PG,1675639392
206,merauke,-8.4667,140.3333,26.18,87,99,3.47,ID,1675639647
207,walvis bay,-22.9575,14.5053,18.94,84,95,2.27,NA,1675639648
208,paamiut,61.994,-49.6678,-9.5,79,100,9.32,GL,1675639648
209,oxapampa,-10.5775,-75.4017,16.22,99,94,0.69,PE,1675639649
210,kalmunai,7.4167,81.8167,24.13,88,100,3.08,LK,1675639649
211,charlottesville,38.0293,-78.4767,11.36,37,0,2.57,US,1675639649
212,pochutla,15.7432,-96.4661,29.9,48,0,2.87,MX,1675639650
213,broome,42.2506,-75.833,6.0,56,100,5.14,US,1675639650
214,ponazyrevo,58.3578,46.3142,-13.2,98,98,0.68,RU,1675639651
215,mayo,38.8876,-76.5119,10.49,68,0,5.14,US,1675639651
216,poyarkovo,49.6,128.6833,-31.55,100,73,1.49,RU,1675639652
217,glendive,47.1053,-104.7125,5.79,65,0,3.6,US,1675639652
218,bethel,41.3712,-73.414,5.21,60,100,3.71,US,1675639569
219,assiniboia,49.6334,-105.9845,2.9,60,73,3.6,CA,1675639653
220,salalah,17.0151,54.0924,22.05,73,0,1.54,OM,1675639653
221,matamoros,25.5333,-103.25,26.06,17,0,3.09,MX,1675639321
222,hithadhoo,-0.6,73.0833,27.01,70,86,4.3,MV,1675639654
223,konstantinovka,49.6167,127.9833,-28.89,100,40,1.85,RU,1675639654
224,vangaindrano,-23.35,47.6,22.67,92,100,1.9,MG,1675639654
225,zeya,53.75,127.2667,-27.67,98,85,0.75,RU,1675639655
226,fukue,32.6881,128.8419,9.2,71,0,1.54,JP,1675639655
227,lethem,3.3803,-59.7968,23.72,83,100,5.08,GY,1675639656
228,cedar falls,42.5278,-92.4455,-0.95,78,0,3.58,US,1675639591
229,inta,66.0317,60.1659,-13.28,95,99,4.61,RU,1675639656
230,meaford,44.6001,-80.583,2.36,83,100,5.9,CA,1675639657
231,manutuke,-38.6833,177.9167,19.42,85,100,2.42,NZ,1675639657
232,noumea,-22.2763,166.4572,32.99,99,86,2.93,NC,1675639288
233,savelugu,9.6244,-0.8253,30.78,14,98,2.73,GH,1675639658
234,tianpeng,30.9866,103.9393,12.07,77,86,1.21,CN,1675639658
235,dhrangadhra,22.9833,71.4667,19.13,55,0,3.89,IN,1675639659
236,caravelas,-17.7125,-39.2481,25.82,82,0,4.86,BR,1675639542
237,sinnamary,5.3833,-52.95,24.48,87,100,5.89,GF,1675639659
238,saint-philippe,-21.3585,55.7679,25.77,86,100,4.84,RE,1675639660
239,murakami,38.2333,139.4833,0.94,81,99,2.18,JP,1675639507
240,santa isabel do rio negro,-0.4139,-65.0192,23.17,97,99,1.62,BR,1675639661
241,canon city,38.441,-105.2424,14.83,21,17,5.48,US,1675639661
242,turan,16.0678,108.2208,22.99,94,75,1.03,VN,1675639662
243,dongsheng,39.8161,109.9776,-6.15,41,74,0.98,CN,1675639423
244,ilulissat,69.2167,-51.1,-16.99,85,100,9.77,GL,1675639662
245,fillan,63.6064,8.9696,3.69,83,100,7.98,NO,1675639663
246,akividu,16.6,81.3833,18.14,93,33,1.65,IN,1675639663
247,shenjiamen,29.9576,122.298,11.08,97,100,4.5,CN,1675639664
248,ballina,-28.8667,153.5667,27.23,70,53,2.69,AU,1675639664
249,asau,46.4333,26.4,-4.29,93,100,4.11,RO,1675639664
250,ipixuna,-1.7625,-48.8043,23.07,97,100,1.43,BR,1675639665
251,kruisfontein,-34.0033,24.7314,23.27,87,76,3.54,ZA,1675639665
252,pop,40.8736,71.1089,3.27,71,100,0.45,UZ,1675639666
253,san andres,12.5847,-81.7006,28.01,74,20,4.63,CO,1675639666
254,khatanga,71.9667,102.5,-37.12,99,57,2.89,RU,1675639667
255,goderich,43.7501,-81.7165,2.73,80,94,2.57,CA,1675639667
256,zambezi,-13.5432,23.1047,17.62,98,94,2.08,ZM,1675639668
257,baykit,61.67,96.37,-13.91,98,100,1.21,RU,1675639668
258,pouembout,-21.1333,164.9,31.57,65,100,2.43,NC,1675639668
259,hofn,64.2539,-15.2082,8.09,95,100,15.68,IS,1675639669
260,abu kamal,34.4506,40.9171,11.43,50,84,5.1,SY,1675639669
261,victoria,22.2855,114.1577,19.97,88,95,1.79,HK,1675639190
262,georgetown,5.4112,100.3354,25.96,98,20,1.03,MY,1675639400
263,homer,59.6425,-151.5483,2.94,80,100,9.77,US,1675639670
264,yaring,6.8662,101.3689,24.94,85,99,3.51,TH,1675639670
265,lavrentiya,65.5833,-171.0,-18.97,91,100,4.1,RU,1675639672
266,leon,21.1167,-101.6667,26.03,11,0,4.41,MX,1675639534
267,neiafu,-18.65,-173.9833,27.38,83,75,4.12,TO,1675639672
268,sobolevo,54.4299,31.8996,-6.0,95,100,2.34,RU,1675639673
269,biskamzha,53.4497,89.5272,-19.83,99,66,1.67,RU,1675639673
270,russkaya polyana,49.417,31.9201,-3.53,93,99,5.05,UA,1675639674
271,humaita,-7.5061,-63.0208,24.74,90,58,0.81,BR,1675639674
272,kodiak,57.79,-152.4072,3.73,100,100,3.09,US,1675639674
273,maragogi,-9.0122,-35.2225,26.16,82,18,3.43,BR,1675639675
274,sosnovo-ozerskoye,52.5249,111.5418,-24.0,99,95,2.79,RU,1675639675
275,bathsheba,13.2167,-59.5167,26.34,73,75,10.8,BB,1675639676
276,bandarbeyla,9.4942,50.8122,23.66,74,78,6.4,SO,1675639676
277,springbok,-29.6643,17.8865,18.99,58,38,0.34,ZA,1675639677
278,altamira,-3.2033,-52.2064,23.22,94,72,1.15,BR,1675639677
279,sovetskiy,61.3614,63.5842,-16.19,98,100,1.44,RU,1675639678
280,ammon,43.4696,-111.9666,1.28,88,100,10.29,US,1675639678
281,altamont,42.2068,-121.7372,4.87,84,100,5.14,US,1675639678
282,ponta delgada,37.7333,-25.6667,15.4,82,20,4.63,PT,1675639679
283,coxim,-18.5067,-54.76,25.12,84,100,0.75,BR,1675639679
284,taksimo,56.3444,114.8794,-17.94,89,100,2.11,RU,1675639680
285,marystown,47.1666,-55.1483,-4.24,75,86,7.55,CA,1675639680
286,bandeirantes,-23.11,-50.3675,21.3,89,26,1.31,BR,1675639681
287,los llanos de aridane,28.6585,-17.9182,13.96,64,75,4.63,ES,1675639681
288,mogadishu,2.0371,45.3438,24.75,82,9,8.93,SO,1675639681
289,lufilufi,-13.8745,-171.5986,32.88,76,51,4.64,WS,1675639682
290,kavaratti,10.5669,72.642,26.64,76,20,3.5,IN,1675639682
291,zhireken,52.8249,117.3076,-29.62,100,87,1.12,RU,1675639683
292,coahuayana,18.7333,-103.6833,29.17,48,0,2.51,MX,1675639683
293,soavinandriana,-19.1667,46.7333,14.72,97,100,1.79,MG,1675639684
294,tela,15.7833,-87.45,24.85,77,23,2.68,HN,1675639684
295,novo aripuana,-5.1206,-60.3797,23.77,94,84,0.98,BR,1675639684
296,zaranj,30.9667,61.8833,11.74,58,0,4.12,AF,1675639685
297,sorrento,40.626,14.3744,6.26,74,18,4.02,IT,1675639685
298,cockburn town,21.4612,-71.1419,25.26,81,0,10.35,TC,1675639686
299,haverhill,42.7762,-71.0773,7.4,54,0,1.54,US,1675639650
300,omboue,-1.5746,9.2618,25.49,85,75,2.15,GA,1675639686
301,kedougou,12.5579,-12.1743,27.83,15,87,1.11,SN,1675639687
302,ust-omchug,61.15,149.6333,-36.95,99,81,1.63,RU,1675639687
303,leningradskiy,69.3833,178.4167,-29.88,98,100,1.84,RU,1675639687
304,muswellbrook,-32.2667,150.9,23.21,56,2,1.82,AU,1675639688
305,vila franca do campo,37.7167,-25.4333,15.23,82,67,3.47,PT,1675639688
306,lagoa,39.05,-27.9833,15.13,84,99,4.54,PT,1675639689
307,sambava,-14.2667,50.1667,23.81,92,99,1.86,MG,1675639689
308,makakilo city,21.3469,-158.0858,27.18,63,20,9.26,US,1675639689
309,lucapa,-8.4192,20.7447,17.33,94,98,0.68,AO,1675639690
310,laguna,38.421,-121.4238,14.31,64,20,7.2,US,1675639690
311,lyubech,51.7026,30.6569,-4.86,94,100,4.23,UA,1675639691
312,dingle,10.9995,122.6711,23.68,93,46,3.38,PH,1675639691
313,garissa,-0.4536,39.6401,24.76,68,9,4.44,KE,1675639692
314,hirara,24.8,125.2833,22.15,83,75,6.17,JP,1675639692
315,la ronge,55.1001,-105.2842,2.14,69,75,3.09,CA,1675639692
316,darhan,49.4867,105.9228,-23.17,99,76,1.57,MN,1675639693
317,madison heights,42.4859,-83.1052,5.14,73,100,2.57,US,1675639593
318,puerto madryn,-42.7692,-65.0385,20.44,68,29,11.4,AR,1675639694
319,estelle,29.8458,-90.1067,20.0,52,20,3.6,US,1675639694
320,katsuura,35.1333,140.3,8.74,76,3,3.58,JP,1675639411
321,poum,-20.2333,164.0167,28.86,80,100,8.99,NC,1675639695
322,havre,49.5833,0.3333,4.22,93,0,0.0,FR,1675639695
323,snasa,64.2457,12.3778,-2.33,97,98,1.72,NO,1675639695
324,touros,-5.1989,-35.4608,26.74,75,79,4.97,BR,1675639696
325,west bay,19.3667,-81.4167,27.04,78,20,3.09,KY,1675639696
326,kinsale,51.7075,-8.5306,7.65,93,75,3.6,IE,1675639697
327,bose,45.4612,8.0137,4.57,96,100,2.11,IT,1675639697
328,danshui,22.7984,114.4672,17.01,94,97,1.07,CN,1675639698
329,amberieu-en-bugey,45.9589,5.3432,5.81,88,95,5.75,FR,1675639698
330,kuching,1.55,110.3333,26.13,95,20,0.89,MY,1675639698
331,bonthe,7.5264,-12.505,25.22,82,100,3.53,SL,1675639699
332,kahului,20.8947,-156.47,27.01,72,40,10.29,US,1675639699
333,karasjok,69.4719,25.5112,-3.9,88,73,5.6,NO,1675639700
334,rocha,-34.4833,-54.3333,19.04,80,0,2.47,UY,1675639700
335,provideniya,64.3833,-173.3,-18.94,100,75,6.0,RU,1675639701
336,teya,60.3778,92.6267,-14.71,97,100,1.91,RU,1675639701
337,phalombe,-15.8064,35.6507,19.25,97,76,0.41,MW,1675639701
338,vicosa do ceara,-3.5622,-41.0922,19.73,96,96,1.08,BR,1675639702
339,gouyave,12.1646,-61.7296,25.43,78,20,7.72,GD,1675639702
340,krasnovishersk,60.4078,57.082,-20.13,99,88,1.57,RU,1675639703
341,shimoda,34.6667,138.95,8.39,56,26,4.56,JP,1675639703
342,clyde river,70.4692,-68.5914,-28.87,69,0,6.17,CA,1675639704
343,mao,39.8885,4.2658,11.31,66,75,10.29,ES,1675639704
344,bombay,19.0144,72.8479,22.99,78,30,1.54,IN,1675639554
345,vardo,70.3705,31.1107,-7.01,93,100,11.83,NO,1675639705
346,comodoro rivadavia,-45.8667,-67.5,18.92,63,0,6.17,AR,1675639705
347,lerwick,60.1545,-1.1494,8.0,76,100,8.97,GB,1675639705
348,grand gaube,-20.0064,57.6608,26.22,80,69,2.68,MU,1675639706
349,tottori,35.5,134.2333,2.04,75,75,3.6,JP,1675639531
350,sungurlare,42.7667,26.7833,-1.91,76,100,10.0,BG,1675639706
351,cayenne,4.9333,-52.3333,22.02,100,0,0.51,GF,1675639707
352,sitka,57.0531,-135.33,5.94,61,100,7.72,US,1675639707
353,san felipe,10.3399,-68.7425,22.05,92,89,2.79,VE,1675639708
354,kabalo,-6.05,26.9167,19.76,97,99,0.25,CD,1675639708
355,fortuna,40.5982,-124.1573,10.52,94,100,3.6,US,1675639668
356,benguela,-12.5763,13.4055,25.33,76,99,1.22,AO,1675639264
357,sumbe,-11.2061,13.8437,25.12,80,39,2.31,AO,1675639709
358,ostrovnoy,68.0531,39.5131,-10.98,93,97,6.64,RU,1675639709
359,alofi,-19.0595,-169.9187,22.94,94,90,8.75,NU,1675639710
360,olga,43.7444,135.2892,-11.39,87,32,2.56,RU,1675639710
361,fomboni,-12.28,43.7425,28.02,74,100,1.96,KM,1675639710
362,okhotsk,59.3833,143.3,-26.01,82,97,4.91,RU,1675639711
363,stephenville,32.2207,-98.2023,23.44,32,0,2.57,US,1675639711
364,awbari,26.5921,12.7805,10.17,47,1,2.47,LY,1675639712
365,nome,64.5011,-165.4064,-8.96,79,75,1.54,US,1675639572
366,novoblagodarnoye,44.1433,42.875,-4.27,100,100,6.0,RU,1675639712
367,egvekinot,66.3167,-179.1667,-29.0,87,100,5.16,RU,1675639713
368,puerto carreno,6.189,-67.4859,29.28,47,83,4.16,CO,1675639713
369,zverinogolovskoye,54.4586,64.8542,-15.13,97,97,2.38,RU,1675639714
370,santa cruz cabralia,-16.2781,-39.0247,26.13,83,0,4.12,BR,1675639594
371,tuktoyaktuk,69.4541,-133.0374,-43.0,66,40,2.06,CA,1675639714
372,dondo,-19.6094,34.7431,22.88,93,13,1.34,MZ,1675639715
373,naliya,23.2667,68.8333,19.27,80,2,3.42,IN,1675639715
374,biak,-0.9131,122.8766,25.03,78,100,2.61,ID,1675639716
375,beba,22.4437,-79.7253,21.15,72,34,2.57,CU,1675639716
376,odate,40.2686,140.5683,-2.92,93,75,0.51,JP,1675639717
377,oktyabrskoye,43.0645,44.7417,-2.92,92,100,2.0,RU,1675639717
378,maniitsoq,65.4167,-52.9,-15.48,90,100,4.22,GL,1675639717
379,vila,42.0304,-8.1588,4.83,57,0,2.04,PT,1675639718
380,lokosovo,61.1333,74.8167,-20.63,100,99,1.27,RU,1675639718
381,beira,-19.8436,34.8389,25.02,84,1,2.72,MZ,1675639542
382,tyumentsevo,53.3224,81.498,-14.23,93,100,2.88,RU,1675639719
383,pineville,31.3224,-92.4343,21.04,54,0,2.57,US,1675639423
384,puri,19.8,85.85,17.29,66,24,2.52,IN,1675639720
385,lakes entrance,-37.8811,147.981,21.2,67,64,3.6,AU,1675639720
386,corn island,12.1694,-83.0418,26.11,75,5,8.04,NI,1675639720
387,saint-augustin,51.226,-58.6502,-16.24,93,100,0.43,CA,1675639721
388,almeirim,-1.5233,-52.5817,23.46,94,72,1.46,BR,1675639721
389,sechura,-5.5569,-80.8222,25.94,67,7,7.15,PE,1675639722
390,letka,59.6011,49.4232,-20.45,100,100,0.72,RU,1675639722
391,whyalla,-33.0333,137.5833,22.39,48,40,3.23,AU,1675639722
392,zhezkazgan,47.8043,67.7144,-3.64,92,99,3.5,KZ,1675639723
393,sao sebastiao do cai,-29.5867,-51.3756,25.51,66,54,0.92,BR,1675639718
394,husavik,66.0449,-17.3389,7.63,80,100,14.79,IS,1675639723
395,carmen,18.6333,-91.8333,25.02,73,40,3.09,MX,1675639724
396,maurawan,26.4333,80.8833,12.02,53,0,2.05,IN,1675639724
397,kihei,20.785,-156.4656,27.01,76,40,10.29,US,1675639725
398,polis,35.0367,32.4264,12.9,87,98,13.03,CY,1675639725
399,umm kaddadah,13.6017,26.6876,19.0,17,54,5.26,SD,1675639515
400,najran,17.4924,44.1277,15.36,35,100,0.64,SA,1675639624
401,ruston,32.5232,-92.6379,17.9,72,0,0.0,US,1675639726
402,hobyo,5.3505,48.5268,24.65,78,32,7.41,SO,1675639727
403,acapulco,16.8634,-99.8901,29.9,58,0,3.09,MX,1675639727
404,maceio,-9.6658,-35.7353,26.69,89,40,2.06,BR,1675639476
405,kununurra,-15.7667,128.7333,26.99,89,29,0.0,AU,1675639728
406,san quintin,30.4833,-115.95,16.81,76,34,11.2,MX,1675639728
407,san juan,-31.5375,-68.5364,35.14,16,0,3.28,AR,1675639627
408,gloversville,43.0528,-74.3438,3.64,76,100,1.66,US,1675639729
409,young,-32.6833,-57.6333,25.85,17,0,1.57,UY,1675639694
410,katete,-0.7818,29.7544,18.27,52,70,1.35,UG,1675639729
411,mnogovershinnyy,53.9353,139.9242,-23.46,96,99,1.91,RU,1675639730
412,peto,20.1333,-88.9167,24.26,77,44,2.6,MX,1675639730
413,mangrol,21.1167,70.1167,19.69,56,0,4.59,IN,1675639730
414,padang,-0.9492,100.3543,23.03,79,99,1.95,ID,1675639731
415,jining,35.405,116.5814,3.74,90,96,2.48,CN,1675639731
416,solnechnyy,50.7214,136.6319,-23.33,99,54,1.19,RU,1675639732
417,poltavka,54.3663,71.7632,-22.42,100,89,1.52,RU,1675639732
418,lillooet,50.6856,-121.942,7.47,93,89,1.6,CA,1675639732
419,methoni,36.8197,21.7049,4.92,58,23,4.38,GR,1675639733
420,palmer,42.1584,-72.3287,5.82,50,40,5.14,US,1675639643
421,grindavik,63.8424,-22.4338,4.26,60,75,19.55,IS,1675639733
422,lata,40.1629,-8.3327,8.37,75,0,2.13,PT,1675639734
423,jiquilisco,13.3167,-88.5833,29.11,52,3,2.43,SV,1675639734
424,winslow,35.0242,-110.6974,18.1,14,0,9.26,US,1675639481
425,marsh harbour,26.5412,-77.0636,24.0,79,67,9.19,BS,1675639735
426,rio gallegos,-51.6226,-69.2181,15.03,36,40,11.83,AR,1675639735
427,lakatoro,-16.0999,167.4164,29.38,74,100,6.21,VU,1675639736
428,ler,8.3018,30.1418,26.12,18,12,2.63,SS,1675639736
429,vestmannaeyjar,63.4427,-20.2734,6.33,76,100,15.7,IS,1675639737
430,itupiranga,-5.1347,-49.3267,25.18,92,99,1.31,BR,1675639737
431,inhambane,-23.865,35.3833,22.94,89,3,3.15,MZ,1675639737
432,havelock,34.8791,-76.9013,17.99,75,100,3.09,US,1675639536
433,thurso,58.5927,-3.5259,6.59,76,100,4.91,GB,1675639738
434,dukat,62.55,155.55,-37.72,99,74,1.97,RU,1675639738
435,bahia blanca,-38.7196,-62.2724,32.94,21,58,3.4,AR,1675639152
436,herzberg,51.6869,13.2202,-2.66,71,56,1.52,DE,1675639739
437,belyy yar,53.6039,91.3903,-23.97,79,40,0.0,RU,1675639739
438,slave lake,55.2834,-114.769,0.99,86,0,1.03,CA,1675639740
439,kuybyshevskiy zaton,55.1593,49.1701,-15.59,97,100,1.75,RU,1675639740
440,urusha,54.05,122.9,-32.14,100,98,0.9,RU,1675639741
441,lulea,65.5842,22.1547,-7.96,100,0,1.03,SE,1675639741
442,cordoba,-31.4135,-64.1811,28.47,54,0,3.6,AR,1675639577
443,ladario,-19.0047,-57.6017,26.03,64,57,0.27,BR,1675639742
444,tromso,69.6496,18.957,1.32,93,75,3.09,NO,1675639742
445,aykhal,66.0,111.5,-35.14,100,95,1.17,RU,1675639743
446,freeport,40.6576,-73.5832,6.81,80,0,3.09,US,1675639743
447,iqaluit,63.7506,-68.5145,-27.95,61,75,7.72,CA,1675639744
448,lundazi,-12.2929,33.1782,17.59,91,100,1.25,ZM,1675639744
449,puerto del rosario,28.5004,-13.8627,14.86,72,0,4.12,ES,1675639745
450,nishihara,26.1842,127.7558,18.03,100,100,3.6,JP,1675639745
451,burnie,-41.0667,145.9167,18.31,59,47,5.2,AU,1675639745
452,nhulunbuy,-12.2333,136.7667,29.34,74,75,3.09,AU,1675639746
453,georgiyevka,43.0369,74.7114,-2.98,93,100,1.0,KZ,1675639746
454,norman wells,65.282,-126.8329,-25.98,70,100,0.0,CA,1675639747
455,soligalich,59.0778,42.2864,-14.35,99,95,0.59,RU,1675639747
456,saint-leu,-21.15,55.2833,26.46,79,100,1.12,RE,1675639748
457,poladpur,17.9802,73.466,21.72,43,18,1.28,IN,1675639748
458,sao filipe,14.8961,-24.4956,21.27,63,96,7.7,CV,1675639749
459,havre-saint-pierre,50.2334,-63.5986,-12.0,85,100,2.57,CA,1675639749
460,fort nelson,58.8053,-122.7002,-14.23,66,20,1.03,CA,1675639750
461,harlingen,26.1906,-97.6961,26.05,71,75,7.2,US,1675639750
462,vuktyl,63.8567,57.3094,-21.04,100,94,1.4,RU,1675639751
463,san jose,37.3394,-121.895,13.36,74,75,7.2,US,1675639732
464,bristol,41.8334,-71.1662,5.81,80,100,2.68,US,1675639702
465,celestun,20.8667,-90.4,23.8,72,39,7.12,MX,1675639751
466,pathein,16.7833,94.7333,20.47,68,24,2.84,MM,1675639752
467,resistencia,-27.4606,-58.9839,32.03,33,0,3.09,AR,1675639752
468,pavilosta,56.8879,21.1859,1.95,98,100,6.04,LV,1675639753
469,aklavik,68.2191,-135.0107,-36.98,98,50,1.09,CA,1675639753
470,college,64.8569,-147.8028,-11.07,78,20,2.06,US,1675639754
471,atambua,-9.1061,124.8925,23.93,83,93,0.57,ID,1675639754
472,bermeo,43.4209,-2.7215,11.11,69,96,6.24,ES,1675639755
473,chabahar,25.2919,60.643,21.2,69,5,2.83,IR,1675639755
474,saint-pierre,-21.3393,55.4781,25.82,78,0,2.57,RE,1675639755
475,seoul,37.5683,126.9778,-1.31,93,20,1.54,KR,1675639385
476,covington,39.0837,-84.5086,10.72,61,0,5.66,US,1675638967
477,peniche,39.3558,-9.3811,9.2,63,1,3.2,PT,1675639756
478,macaubas,-13.0194,-42.6986,23.67,51,39,1.28,BR,1675639757
479,muros,42.7762,-9.0603,8.38,77,0,2.83,ES,1675639757
480,aksu,41.1231,80.2644,-5.54,80,100,1.57,CN,1675639758
481,nyurba,63.2842,118.3319,-47.91,100,68,1.76,RU,1675639758
482,anadyr,64.75,177.4833,-30.56,74,75,6.0,RU,1675639758
483,aksarka,66.5606,67.7975,-26.47,100,65,0.49,RU,1675639759
484,codrington,-38.2667,141.9667,16.49,67,64,2.66,AU,1675639759
485,hun,29.1268,15.9477,10.87,70,22,4.03,LY,1675639760
486,kropotkin,45.4375,40.5756,0.05,84,99,5.59,RU,1675639760
487,naze,28.3667,129.4833,17.51,84,100,5.39,JP,1675639761
488,bere,9.3202,16.1552,26.05,14,100,2.47,TD,1675639761
489,oranjemund,-28.55,16.4333,17.3,95,85,4.68,NA,1675639762
490,daru,-9.0763,143.2092,24.78,94,100,2.21,PG,1675639762
491,camabatela,-8.1881,15.375,16.48,94,99,0.86,AO,1675639762
492,port keats,-14.25,129.55,27.18,73,65,1.35,AU,1675639763
493,yashkul,46.1711,45.3435,-2.16,84,100,4.09,RU,1675639763
494,batagay,67.6333,134.6333,-42.25,99,98,1.03,RU,1675639764
495,esperance,-33.8667,121.9,21.34,59,71,7.21,AU,1675639764
496,lompoc,34.6391,-120.4579,16.68,75,75,9.26,US,1675639765
497,magadan,59.5667,150.8,-23.89,77,98,3.35,RU,1675639765
498,penzance,50.1186,-5.5371,2.38,76,58,5.72,GB,1675639765
499,mitchell,43.7094,-98.0298,-0.01,81,0,3.6,US,1675639766
500,ati,13.2154,18.3353,23.19,12,100,4.53,TD,1675639766
501,fernie,49.5,-115.0687,6.05,97,100,2.55,CA,1675639767
502,taltal,-25.4,-70.4833,22.59,73,30,2.55,CL,1675639767
503,wau,7.7029,27.9953,24.78,16,8,2.15,SS,1675639767
504,epe,6.5841,3.9834,26.24,90,100,2.61,NG,1675639768
505,karratha,-20.7377,116.8463,31.44,52,4,0.27,AU,1675639768
506,werder,52.3787,12.934,0.03,100,60,0.85,DE,1675639769
507,rostovka,55.3842,71.8891,-21.98,100,98,2.02,RU,1675639769
508,swinoujscie,53.9105,14.2471,-0.92,80,20,3.6,PL,1675639769
509,carballo,43.213,-8.691,8.81,83,2,1.92,ES,1675639770
510,turukhansk,65.8167,87.9833,-20.14,100,95,1.25,RU,1675639770
511,yanam,16.7333,82.2167,17.97,93,7,0.63,IN,1675639771
512,lazaro cardenas,17.9583,-102.2,28.17,55,0,4.59,MX,1675639771
513,synya,65.3718,58.0387,-16.29,97,99,1.96,RU,1675639772
514,henties bay,-22.116,14.2845,17.88,88,100,2.39,NA,1675639772
515,verkhoyansk,67.5447,133.385,-39.03,100,99,0.77,RU,1675639773
516,varhaug,58.6147,5.6457,6.03,89,99,3.96,NO,1675639773
517,ahipara,-35.1667,173.1667,19.31,94,94,3.4,NZ,1675639774
518,sola,-13.8833,167.55,27.87,78,100,8.69,VU,1675639774
519,mountain home,43.133,-115.6912,8.41,51,40,2.68,US,1675639441
520,mitsamiouli,-11.3847,43.2844,27.34,79,100,4.25,KM,1675639775
521,requena,39.4883,-1.1004,2.51,72,0,1.22,ES,1675639775
522,kalabo,-14.97,22.6814,19.85,90,95,2.72,ZM,1675639776
523,west odessa,31.8424,-102.4988,24.27,14,0,6.17,US,1675639776
524,port hardy,50.6996,-127.4199,7.1,81,75,2.06,CA,1675639534
525,keti bandar,24.1447,67.4497,21.2,83,1,6.46,PK,1675639777
526,warkworth,-36.4,174.6667,22.49,88,100,3.48,NZ,1675639777
527,paithan,19.4833,75.3833,19.69,33,4,1.3,IN,1675639777
528,la tuque,47.4334,-72.7824,-9.86,85,100,0.0,CA,1675639710
529,kortkeros,61.8106,51.5806,-14.0,100,100,0.34,RU,1675639778
530,oda,35.1833,132.5,-1.57,70,60,2.6,JP,1675639778
531,bialystok,53.1333,23.15,-6.69,87,61,1.41,PL,1675639486
532,archidona,37.0965,-4.3887,7.17,70,4,1.79,ES,1675639779
533,harper,4.375,-7.7169,26.66,84,63,4.02,LR,1675639779
534,tondano,1.3038,124.9112,21.05,84,99,0.94,ID,1675639780
535,margate,51.3813,1.3862,5.39,86,73,1.79,GB,1675639780
536,gorontalo,0.5412,123.0595,23.67,87,99,1.55,ID,1675639780
537,bara,10.3744,10.7288,24.98,20,97,3.97,NG,1675639781
538,raudeberg,61.9875,5.1352,6.59,74,99,9.72,NO,1675639781
539,haines junction,60.7522,-137.5108,-10.03,85,100,1.03,CA,1675639782
540,manzhouli,49.6,117.4333,-23.91,99,82,3.11,CN,1675639782
541,sorong,-0.8833,131.25,25.08,87,100,1.55,ID,1675639782
542,manama,26.2154,50.5832,17.74,77,0,1.54,BH,1675639783
543,chone,-0.6833,-80.1,26.11,85,49,2.66,EC,1675639783
544,adrar,20.5022,-10.0711,15.05,28,56,4.57,MR,1675639784
545,arequipa,-16.3989,-71.535,13.04,100,75,4.12,PE,1675639692
546,kudahuvadhoo,2.6708,72.8944,26.35,78,98,1.43,MV,1675639784
547,nantucket,41.2835,-70.0995,7.08,87,0,6.17,US,1675639785
548,itarema,-2.9248,-39.9167,25.92,81,71,5.08,BR,1675639785
549,lichuan,30.3,108.85,2.08,93,59,0.54,CN,1675639785
550,andros,37.8333,24.9333,6.31,55,100,14.75,GR,1675639786
551,camopi,3.1655,-52.3158,21.96,99,100,1.82,GF,1675639786
552,olafsvik,64.8945,-23.7142,3.58,80,100,19.4,IS,1675639787
553,nemuro,43.3236,145.575,-4.38,75,75,1.89,JP,1675639787
554,kontagora,10.3999,5.4695,26.91,14,99,1.75,NG,1675639788
555,gat,31.61,34.7642,13.55,3,93,6.57,IL,1675639563
556,half moon bay,37.4636,-122.4286,12.95,80,75,7.72,US,1675639608
557,lalganj,25.8667,85.1833,13.97,73,0,2.78,IN,1675639648
558,frunze,48.6686,38.7544,-2.83,88,100,4.67,UA,1675639788
559,natividade,-21.0422,-41.9733,25.36,81,39,1.63,BR,1675639789
560,kuala terengganu,5.3302,103.1408,25.97,89,40,3.6,MY,1675639789
561,isangel,-19.55,169.2667,30.2,65,99,2.47,VU,1675639790
562,bowen,-20.0167,148.2333,28.67,78,45,5.98,AU,1675639790
563,roma,43.2128,-75.4557,5.96,62,100,0.0,US,1675639478
564,mattru,7.6244,-11.8332,24.48,78,100,1.02,SL,1675639791
565,qaqortoq,60.7167,-46.0333,-9.87,59,99,13.34,GL,1675639791
566,winnemucca,40.973,-117.7357,4.15,56,93,9.08,US,1675639751
567,akcaabat,41.0212,39.5715,7.93,61,75,1.54,TR,1675639792
568,mirandopolis,-21.1336,-51.1017,22.8,89,96,2.42,BR,1675639792
569,ust-kuyga,70.0167,135.6,-31.74,99,100,1.78,RU,1675639793
570,ambon,-3.6954,128.1814,27.08,83,20,1.54,ID,1675639793
571,lebedinyy,58.5167,125.5167,-33.8,100,100,1.0,RU,1675639793
572,udachnyy,66.4167,112.4,-34.2,73,98,0.69,RU,1675639794
573,dudinka,69.4058,86.1778,-19.55,100,97,1.63,RU,1675639794
574,labuhan,-6.8844,112.2051,25.48,84,100,1.5,ID,1675639795
575,rajapur,25.3833,81.15,13.81,52,0,0.94,IN,1675639396
576,kushima,31.4583,131.2333,10.95,86,100,2.66,JP,1675639795
577,batagay-alyta,67.8006,130.4114,-32.41,99,100,0.22,RU,1675639796
578,ardakan,32.31,54.0175,7.37,36,33,1.01,IR,1675639796
579,newark,40.7357,-74.1724,6.95,59,0,2.57,US,1675639239
580,mandalgovi,45.7625,106.2708,-10.81,50,94,3.62,MN,1675639797
581,baoding,38.8511,115.4903,0.48,44,100,3.24,CN,1675639797
582,kenitra,34.261,-6.5802,4.42,74,92,1.57,MA,1675639798
583,sept-iles,50.2001,-66.3821,-15.0,84,75,2.06,CA,1675639504
584,karatuzskoye,53.6072,92.8667,-23.39,100,94,0.51,RU,1675639798
585,sungairaya,0.7,108.9,24.1,93,100,1.37,ID,1675639799
